keys,en,es,_context,_status
Chapter 1,Chapter 1,Capítulo 1,title of chapter_1.tale,
chapter_1:start_188eef,Chapter 1 would begin here.,Aquí empezaría el capítulo 1.,chapter_1.tale:8,
chapter_1:start_98f4aa,Thanks for trying the StoryTeller demo.,Gracias por probar la demo de StoryTeller.,chapter_1.tale:9,
Prologue,Prologue,Prólogo,title of prologue.tale,
prologue:start_6e4cad,Sunlight spills across rows of empty desks.,La luz del sol se derrama sobre filas de pupitres vacíos.,prologue.tale:15,
prologue:start_12b190,You're here early.[pause] Couldn't sleep?,Llegaste temprano.[pause] ¿No podías dormir?,prologue.tale:16 (mira),
prologue:start_c0048c,Nervous about the exam?,¿Nervioso por el examen?,prologue.tale:17 (mira),
prologue:start_a25fd1,Admit you were nervous,Admitir que estabas nervioso,prologue.tale:20 (choice),
prologue:start_b7cbca,Act like everything is fine,Fingir que todo va bien,prologue.tale:23 (choice),
prologue:start_5e397e,Change the subject,Cambiar de tema,prologue.tale:25 (choice),
prologue:start_07afb5,Smooth. Really smooth.,Qué sutil. Muy sutil.,prologue.tale:26 (mira),
prologue:honest_7e4f45,"Same here, honestly.","Yo también, la verdad.",prologue.tale:29 (mira),
prologue:honest_89be91,Want to study together at lunch?,¿Estudiamos juntos en el almuerzo?,prologue.tale:31 (mira),
prologue:bluff_a587ff,"Look at you, all confident.","Mírate, tan seguro de ti.",prologue.tale:35 (mira),
prologue:walk_98d1e9,"Let's head out, {player_name}.","Vámonos, {player_name}.",prologue.tale:40 (mira),
prologue:walk_92ec4d,Well. See you in class.,Bueno. Nos vemos en clase.,prologue.tale:42 (mira),
Welcome to StoryTeller,Welcome to StoryTeller,Bienvenido a StoryTeller,title of welcome.tale,
welcome:start_975962,A quiet library. Lamps hum above long wooden tables.,Una biblioteca tranquila. Las lámparas zumban sobre largas mesas de madera.,welcome.tale:12,
welcome:start_a4b80b,Oh! A visitor.[pause] Welcome to StoryTeller.,¡Oh! Una visita.[pause] Bienvenido a StoryTeller.,welcome.tale:14 (ada),
What should Ada call you?,What should Ada call you?,¿Cómo quieres que te llame Ada?,welcome.tale:15 (tr),
Reader,Reader,Lector,welcome.tale:15 (tr),
welcome:start_49699f,"Nice to meet you, {visitor}.","Encantada de conocerte, {visitor}.",welcome.tale:16 (ada),
welcome:start_cb157e,Everything you see is written in a .tale file. Press Space or click to continue.,Todo lo que ves está escrito en un archivo .tale. Pulsa Espacio o haz clic para continuar.,welcome.tale:17 (ada),
welcome:topics_3c7cff,How do I write dialogue?,¿Cómo escribo diálogos?,welcome.tale:22 (choice),
welcome:topics_67bdc0,What about choices?,¿Y las elecciones?,welcome.tale:27 (choice),
welcome:topics_0f8fd2,Can the stage change?,¿Puede cambiar el escenario?,welcome.tale:33 (choice),
welcome:topics_fa4fb7,Can tales remember things?,¿Los cuentos pueden recordar cosas?,welcome.tale:48 (choice),
welcome:topics_da7486,What about saving and menus?,¿Y guardar la partida y los menús?,welcome.tale:53 (choice),
welcome:topics_8c0912,Show me a sample scene.,Muéstrame una escena de ejemplo.,welcome.tale:67 (choice),
welcome:topics_ca5847,I'm ready to start writing.,Estoy listo para empezar a escribir.,welcome.tale:73 (choice),
welcome:topics_c6a7cb,Leave already,Irse ya,welcome.tale:75 (choice),
welcome:topics_cb46a5,"Put a speaker, a colon, and a quoted line. Narration is just the quoted line.","Pon quién habla, dos puntos y una frase entre comillas. La narración es solo la frase entre comillas.",welcome.tale:25 (ada),
welcome:topics_63c999,You're using one right now. Each option is a string with its own block.,Estás usando una ahora mismo. Cada opción es un texto con su propio bloque.,welcome.tale:30 (ada),
welcome:topics_7e925f,Options marked @once disappear after you pick them.,Las opciones marcadas con @once desaparecen después de elegirlas.,welcome.tale:31 (ada),
welcome:topics_f99546,Watch the window.,Mira la ventana.,welcome.tale:36 (ada),
welcome:topics_efc045,"Backdrops, music, and rain each take one line.","Los fondos, la música y la lluvia ocupan una línea cada uno.",welcome.tale:39 (ada),
welcome:topics_01272a,"Characters move, and props appear wherever you put them.",Los personajes se mueven y los objetos aparecen donde los pongas.,welcome.tale:43 (ada),
welcome:topics_c07516,Even the camera can zoom.,Hasta la cámara puede acercarse.,welcome.tale:45 (ada),
welcome:topics_05c69c,Yes. Questions you have asked so far: {curiosity}.,Sí. Preguntas que has hecho hasta ahora: {curiosity}.,welcome.tale:51 (ada),
welcome:topics_fc17f2,"Press Escape or right-click for the pause menu. Saving, loading, and settings live there.","Pulsa Escape o haz clic derecho para abrir el menú de pausa. Ahí están guardar, cargar y los ajustes.",welcome.tale:56 (ada),
welcome:topics_336e0b,Roll the mouse wheel up or press Page Up to rewind. Press H to read the history.,Gira la rueda del ratón hacia arriba o pulsa Re Pág para retroceder. Pulsa H para leer el historial.,welcome.tale:57 (ada),
welcome:topics_9c1131,Some stories read better as pages. Let me show you.,Algunas historias se leen mejor como páginas. Te lo enseño.,welcome.tale:58 (ada),
welcome:topics_d7ad15,"In the page style, lines stack on the screen like a book.","En el estilo de página, las líneas se acumulan en la pantalla como en un libro.",welcome.tale:60,
welcome:topics_f45e08,Each new line goes under the last one.,Cada línea nueva va debajo de la anterior.,welcome.tale:61,
welcome:topics_f3c26c,A call to clear_page() starts a fresh page.,Una llamada a clear_page() empieza una página nueva.,welcome.tale:63,
welcome:topics_4011e5,And now we're back to the classic box.,Y ahora volvemos al cuadro clásico.,welcome.tale:65 (ada),
welcome:topics_36d940,Here is one from the StoryTeller plan.,Aquí tienes una del plan de StoryTeller.,welcome.tale:68 (ada),
welcome:farewell_d2f003,"You asked about everything, {visitor}. I like that.","Preguntaste por todo, {visitor}. Eso me gusta.",welcome.tale:81 (ada),
welcome:farewell_99a5b9,"You asked about {len(topics_seen)} topic{""s"" if len(topics_seen) != 1 else """"}.","Preguntaste por {len(topics_seen)} tema{""s"" if len(topics_seen) != 1 else """"}.",welcome.tale:83 (ada),
welcome:farewell_4ac008,"The lamps dim. Somewhere, a page turns.","Las lámparas se atenúan. En algún lugar, pasa una página.",welcome.tale:85,
welcome:farewell_6890cd,Open demo/tales/welcome.tale to see how this scene was made.,Abre demo/tales/welcome.tale para ver cómo se hizo esta escena.,welcome.tale:86 (ada),
Ada,Ada,Ada,name of cast member 'ada',
Mira,Mira,Mira,name of cast member 'mira',
StoryTeller Demo,StoryTeller Demo,Demo de StoryTeller,game title,
New Game,New Game,Nueva partida,menu,
Continue,Continue,Continuar,menu,
Load,Load,Cargar,menu,
Save,Save,Guardar,menu,
Settings,Settings,Ajustes,menu,
Quit,Quit,Salir,menu,
Paused,Paused,En pausa,menu,
Resume,Resume,Reanudar,menu,
History,History,Historial,menu,
Title Screen,Title Screen,Pantalla de título,menu,
Back,Back,Volver,menu,
Yes,Yes,Sí,menu,
No,No,No,menu,
OK,OK,Aceptar,menu,
Reset to defaults,Reset to defaults,Restablecer,menu,
Nothing yet.,Nothing yet.,Nada todavía.,menu,
Replay voice,Replay voice,Repetir voz,menu,
Skip,Skip,Saltar,menu,
Auto,Auto,Auto,menu,
Menu,Menu,Menú,menu,
Empty,Empty,Vacío,menu,
Auto save,Auto save,Autoguardado,menu,
Quick save,Quick save,Guardado rápido,menu,
Slot %s,Slot %s,Ranura %s,menu,
Overwrite %s?,Overwrite %s?,¿Sobrescribir %s?,menu,
Language,Language,Idioma,menu,
Load this save? Unsaved progress will be lost.,Load this save? Unsaved progress will be lost.,¿Cargar esta partida? Se perderá el progreso no guardado.,menu,
Return to the title screen? Unsaved progress will be lost.,Return to the title screen? Unsaved progress will be lost.,¿Volver a la pantalla de título? Se perderá el progreso no guardado.,menu,
Quit the game? Unsaved progress will be lost.,Quit the game? Unsaved progress will be lost.,¿Salir del juego? Se perderá el progreso no guardado.,menu,
Text speed,Text speed,Velocidad del texto,menu,
Auto mode delay,Auto mode delay,Pausa del modo auto,menu,
Master volume,Master volume,Volumen general,menu,
Music volume,Music volume,Volumen de la música,menu,
Sound volume,Sound volume,Volumen de los sonidos,menu,
Ambience volume,Ambience volume,Volumen del ambiente,menu,
Voice volume,Voice volume,Volumen de las voces,menu,
Full screen,Full screen,Pantalla completa,menu,
Skip unread lines,Skip unread lines,Saltar líneas no leídas,menu,
